-- Generated by scripts/generate-supabase-seed.mjs from src/data/seed.json.
-- Do not hand-edit — regenerate instead. Safe to re-run: every insert is
-- idempotent against the schema's natural keys.

begin;

insert into clusters (id, name) values
  ('cluster_1', 'Cluster 1')
on conflict (id) do update set name = excluded.name;

insert into activities (id, name, basis, uom, discipline, "group") values
  ('hdf_flooring', 'HDF flooring', 'floor_area', 'm2', 'architecture', 'Flooring'),
  ('ceramic_flooring', 'Ceramic & porcelain flooring', 'floor_area', 'm2', 'architecture', 'Flooring'),
  ('ceramic_walls', 'Ceramic & porcelain walls', 'wall_area', 'm2', 'architecture', 'Wall finishes'),
  ('painting_walls', 'Painting — walls', 'wall_area', 'm2', 'architecture', 'Wall finishes'),
  ('painting_ceiling', 'Painting — ceiling', 'floor_area', 'm2', 'architecture', 'Ceiling'),
  ('gypsum_board', 'Gypsum board', 'floor_area', 'm2', 'architecture', 'Ceiling'),
  ('doors', 'Doors', 'per_unit', 'unit', 'architecture', 'Joinery'),
  ('windows', 'Windows', 'per_unit', 'unit', 'architecture', 'Joinery')
on conflict (id) do update set name = excluded.name, basis = excluded.basis, uom = excluded.uom, discipline = excluded.discipline, "group" = excluded."group";

insert into layouts (id, name) values
  ('edge', 'Apartment Edge'),
  ('middle', 'Apartment Middle'),
  ('apt_1', 'Apartment 1'),
  ('apt_2', 'Apartment 2'),
  ('apt_3', 'Apartment 3')
on conflict (id) do update set name = excluded.name;

insert into layout_unit_rates (layout_id, activity_id, rate) values
  ('edge', 'doors', 75000),
  ('edge', 'windows', 120000),
  ('middle', 'doors', 75000),
  ('middle', 'windows', 120000),
  ('apt_1', 'doors', 60000),
  ('apt_1', 'windows', 82881),
  ('apt_2', 'doors', 60000),
  ('apt_2', 'windows', 82881),
  ('apt_3', 'doors', 60000),
  ('apt_3', 'windows', 82881)
on conflict (layout_id, activity_id) do update set rate = excluded.rate;

insert into spaces (layout_id, space_key, name, floor_area, wall_area) values
  ('edge', 'terrace', 'Terrace', 5.69, 10.22),
  ('edge', 'reception_and_dinning', 'Reception & Dinning', 32.29, 78.73),
  ('edge', 'maid_room', 'Maid Room', 3.78, 21.45),
  ('edge', 'maid_wc', 'Maid WC', 1.81, 14.190000000000001),
  ('edge', 'kitchen', 'Kitchen', 7.08, 30.41),
  ('edge', 'vestibule', 'Vestibule', 3.71, 20.51),
  ('edge', 'lobby', 'Lobby', 12.75, 78.33),
  ('edge', 'mbedroom', 'M.Bedroom', 13.922, 41.53),
  ('edge', 'powder_room', 'Powder room', 4.8, 14.2),
  ('edge', 'guest_wc', 'Guest WC', 1.74, 14.575),
  ('edge', 'dressing', 'Dressing', 2.88, 18.25),
  ('edge', 'master_wc', 'Master WC', 3.05, 18.6),
  ('edge', 'bedroom_01', 'Bedroom 01', 13.73, 43.56),
  ('edge', 'bedroom_02', 'Bedroom 02', 11.678, 40.31),
  ('edge', 'terrace_2', 'Terrace 2', 3.782, 25.3275),
  ('edge', 'shared_wc', 'Shared WC', 3.81, 21.09),
  ('edge', 'public_corridor', 'Public Corridor', 4.96, 26.02),
  ('middle', 'terrace', 'Terrace', 6.46, 11.6),
  ('middle', 'reception_and_dinning', 'Reception & Dinning', 30.66, 64.65),
  ('middle', 'maid_room', 'Maid Room', null, null),
  ('middle', 'maid_wc', 'Maid WC', null, null),
  ('middle', 'kitchen', 'Kitchen', 9.56, 33.17),
  ('middle', 'vestibule', 'Vestibule', 6.13, 30.42),
  ('middle', 'lobby', 'Lobby', 11.870000000000001, 68.84),
  ('middle', 'mbedroom', 'M.Bedroom', 14.77, 41.23),
  ('middle', 'powder_room', 'Powder room', null, null),
  ('middle', 'guest_wc', 'Guest WC', 2.71, 1.64),
  ('middle', 'dressing', 'Dressing', 4.41, 23.37),
  ('middle', 'master_wc', 'Master WC', 5.04, 24.54),
  ('middle', 'bedroom_01', 'Bedroom 01', 14.01, 42.37),
  ('middle', 'bedroom_02', 'Bedroom 02', 14.014, 43.53),
  ('middle', 'terrace_2', 'Terrace 2', null, null),
  ('middle', 'shared_wc', 'Shared WC', 4.02, 22.26),
  ('middle', 'public_corridor', 'Public Corridor', null, null),
  ('apt_1', 'terrace', 'Terrace', 5.79, 30.47),
  ('apt_1', 'reception_and_dinning', 'Reception & Dinning', 31.41, 64.735),
  ('apt_1', 'maid_room', 'Maid Room', null, null),
  ('apt_1', 'maid_wc', 'Maid WC', null, null),
  ('apt_1', 'kitchen', 'Kitchen', 6.46, 27.9),
  ('apt_1', 'vestibule', 'Vestibule', null, null),
  ('apt_1', 'lobby', 'Lobby', 12.34, 78.33),
  ('apt_1', 'mbedroom', 'M.Bedroom', 14.96, 46.56),
  ('apt_1', 'powder_room', 'Powder room', null, null),
  ('apt_1', 'guest_wc', 'Guest WC', 2.04, 15.37),
  ('apt_1', 'dressing', 'Dressing', 2.59, 17.46),
  ('apt_1', 'master_wc', 'Master WC', 4.07, 22.05),
  ('apt_1', 'bedroom_01', 'Bedroom 01', 15.84, 42.45),
  ('apt_1', 'bedroom_02', 'Bedroom 02', null, null),
  ('apt_1', 'terrace_2', 'Terrace 2', null, null),
  ('apt_1', 'shared_wc', 'Shared WC', 4.07, 23.21),
  ('apt_1', 'public_corridor', 'Public Corridor', null, null),
  ('apt_2', 'terrace', 'Terrace', 5.36, 30.8055),
  ('apt_2', 'reception_and_dinning', 'Reception & Dinning', 29.55, 62.53),
  ('apt_2', 'maid_room', 'Maid Room', null, null),
  ('apt_2', 'maid_wc', 'Maid WC', null, null),
  ('apt_2', 'kitchen', 'Kitchen', 6.33, 16.62),
  ('apt_2', 'vestibule', 'Vestibule', null, null),
  ('apt_2', 'lobby', 'Lobby', 8.52, 55.3),
  ('apt_2', 'mbedroom', 'M.Bedroom', 12.94, 38.14),
  ('apt_2', 'powder_room', 'Powder room', null, null),
  ('apt_2', 'guest_wc', 'Guest WC', 2.33, 16.62),
  ('apt_2', 'dressing', 'Dressing', 6.1, 28.25),
  ('apt_2', 'master_wc', 'Master WC', 2.52, 22.76),
  ('apt_2', 'bedroom_01', 'Bedroom 01', 15.34, 42.14),
  ('apt_2', 'bedroom_02', 'Bedroom 02', null, null),
  ('apt_2', 'terrace_2', 'Terrace 2', 10.66, 37.42),
  ('apt_2', 'shared_wc', 'Shared WC', 3.46, 20.09),
  ('apt_2', 'public_corridor', 'Public Corridor', null, null),
  ('apt_3', 'terrace', 'Terrace', 6.07, 31.295),
  ('apt_3', 'reception_and_dinning', 'Reception & Dinning', 32.72, 65.67),
  ('apt_3', 'maid_room', 'Maid Room', null, null),
  ('apt_3', 'maid_wc', 'Maid WC', null, null),
  ('apt_3', 'kitchen', 'Kitchen', 7.23, 30.21),
  ('apt_3', 'vestibule', 'Vestibule', null, null),
  ('apt_3', 'lobby', 'Lobby', 7.119999999999999, 42.769999999999996),
  ('apt_3', 'mbedroom', 'M.Bedroom', 14.79, 41.29),
  ('apt_3', 'powder_room', 'Powder room', 1.56, 13.52),
  ('apt_3', 'guest_wc', 'Guest WC', 1.77, 14.26),
  ('apt_3', 'dressing', 'Dressing', 3.403, 19.66),
  ('apt_3', 'master_wc', 'Master WC', 3.44, 20.93),
  ('apt_3', 'bedroom_01', 'Bedroom 01', 15.11, 41.45),
  ('apt_3', 'bedroom_02', 'Bedroom 02', null, null),
  ('apt_3', 'terrace_2', 'Terrace 2', 5.37, 13.24),
  ('apt_3', 'shared_wc', 'Shared WC', 3.53, 21.47),
  ('apt_3', 'public_corridor', 'Public Corridor', null, null)
on conflict (layout_id, space_key) do update set name = excluded.name, floor_area = excluded.floor_area, wall_area = excluded.wall_area;

insert into space_rates (space_id, activity_id, rate)
select s.id, st.activity_id, st.rate
from (values
  ('edge', 'terrace', 'ceramic_flooring', 350),
  ('edge', 'reception_and_dinning', 'ceramic_flooring', 650),
  ('edge', 'reception_and_dinning', 'painting_walls', 140),
  ('edge', 'reception_and_dinning', 'painting_ceiling', 140),
  ('edge', 'reception_and_dinning', 'gypsum_board', 400),
  ('edge', 'maid_room', 'painting_walls', 140),
  ('edge', 'maid_room', 'painting_ceiling', 140),
  ('edge', 'maid_room', 'gypsum_board', 400),
  ('edge', 'maid_wc', 'ceramic_flooring', 350),
  ('edge', 'maid_wc', 'ceramic_walls', 350),
  ('edge', 'maid_wc', 'gypsum_board', 400),
  ('edge', 'kitchen', 'ceramic_flooring', 350),
  ('edge', 'kitchen', 'painting_walls', 140),
  ('edge', 'kitchen', 'painting_ceiling', 140),
  ('edge', 'kitchen', 'gypsum_board', 400),
  ('edge', 'vestibule', 'painting_walls', 140),
  ('edge', 'vestibule', 'painting_ceiling', 140),
  ('edge', 'vestibule', 'gypsum_board', 400),
  ('edge', 'lobby', 'ceramic_flooring', 650),
  ('edge', 'lobby', 'painting_walls', 140),
  ('edge', 'lobby', 'painting_ceiling', 140),
  ('edge', 'lobby', 'gypsum_board', 400),
  ('edge', 'mbedroom', 'hdf_flooring', 650),
  ('edge', 'mbedroom', 'gypsum_board', 400),
  ('edge', 'powder_room', 'painting_walls', 140),
  ('edge', 'powder_room', 'painting_ceiling', 140),
  ('edge', 'powder_room', 'gypsum_board', 400),
  ('edge', 'guest_wc', 'ceramic_flooring', 350),
  ('edge', 'guest_wc', 'ceramic_walls', 350),
  ('edge', 'guest_wc', 'gypsum_board', 400),
  ('edge', 'dressing', 'hdf_flooring', 650),
  ('edge', 'dressing', 'painting_walls', 140),
  ('edge', 'dressing', 'painting_ceiling', 140),
  ('edge', 'dressing', 'gypsum_board', 400),
  ('edge', 'master_wc', 'ceramic_flooring', 350),
  ('edge', 'master_wc', 'ceramic_walls', 350),
  ('edge', 'master_wc', 'gypsum_board', 400),
  ('edge', 'bedroom_01', 'hdf_flooring', 650),
  ('edge', 'bedroom_01', 'painting_walls', 140),
  ('edge', 'bedroom_01', 'painting_ceiling', 140),
  ('edge', 'bedroom_01', 'gypsum_board', 400),
  ('edge', 'bedroom_02', 'hdf_flooring', 650),
  ('edge', 'bedroom_02', 'painting_walls', 140),
  ('edge', 'bedroom_02', 'painting_ceiling', 140),
  ('edge', 'bedroom_02', 'gypsum_board', 400),
  ('edge', 'terrace_2', 'ceramic_flooring', 350),
  ('edge', 'shared_wc', 'ceramic_flooring', 350),
  ('edge', 'shared_wc', 'ceramic_walls', 350),
  ('edge', 'shared_wc', 'gypsum_board', 400),
  ('middle', 'terrace', 'ceramic_flooring', 350),
  ('middle', 'reception_and_dinning', 'ceramic_flooring', 650),
  ('middle', 'reception_and_dinning', 'painting_walls', 140),
  ('middle', 'reception_and_dinning', 'painting_ceiling', 140),
  ('middle', 'reception_and_dinning', 'gypsum_board', 400),
  ('middle', 'maid_room', 'painting_walls', 140),
  ('middle', 'maid_room', 'painting_ceiling', 140),
  ('middle', 'maid_room', 'gypsum_board', 400),
  ('middle', 'maid_wc', 'ceramic_flooring', 350),
  ('middle', 'maid_wc', 'ceramic_walls', 350),
  ('middle', 'maid_wc', 'gypsum_board', 400),
  ('middle', 'kitchen', 'ceramic_flooring', 350),
  ('middle', 'kitchen', 'painting_walls', 140),
  ('middle', 'kitchen', 'painting_ceiling', 140),
  ('middle', 'kitchen', 'gypsum_board', 400),
  ('middle', 'vestibule', 'painting_walls', 140),
  ('middle', 'vestibule', 'painting_ceiling', 140),
  ('middle', 'vestibule', 'gypsum_board', 400),
  ('middle', 'lobby', 'ceramic_flooring', 650),
  ('middle', 'lobby', 'painting_walls', 140),
  ('middle', 'lobby', 'painting_ceiling', 140),
  ('middle', 'lobby', 'gypsum_board', 400),
  ('middle', 'mbedroom', 'hdf_flooring', 650),
  ('middle', 'mbedroom', 'gypsum_board', 400),
  ('middle', 'powder_room', 'painting_walls', 140),
  ('middle', 'powder_room', 'painting_ceiling', 140),
  ('middle', 'powder_room', 'gypsum_board', 400),
  ('middle', 'guest_wc', 'ceramic_flooring', 350),
  ('middle', 'guest_wc', 'ceramic_walls', 350),
  ('middle', 'guest_wc', 'gypsum_board', 400),
  ('middle', 'dressing', 'hdf_flooring', 650),
  ('middle', 'dressing', 'painting_walls', 140),
  ('middle', 'dressing', 'painting_ceiling', 140),
  ('middle', 'dressing', 'gypsum_board', 400),
  ('middle', 'master_wc', 'ceramic_flooring', 350),
  ('middle', 'master_wc', 'ceramic_walls', 350),
  ('middle', 'master_wc', 'gypsum_board', 400),
  ('middle', 'bedroom_01', 'hdf_flooring', 650),
  ('middle', 'bedroom_01', 'painting_walls', 140),
  ('middle', 'bedroom_01', 'painting_ceiling', 140),
  ('middle', 'bedroom_01', 'gypsum_board', 400),
  ('middle', 'bedroom_02', 'hdf_flooring', 650),
  ('middle', 'bedroom_02', 'painting_walls', 140),
  ('middle', 'bedroom_02', 'painting_ceiling', 140),
  ('middle', 'bedroom_02', 'gypsum_board', 400),
  ('middle', 'terrace_2', 'ceramic_flooring', 350),
  ('middle', 'shared_wc', 'ceramic_flooring', 350),
  ('middle', 'shared_wc', 'ceramic_walls', 350),
  ('middle', 'shared_wc', 'gypsum_board', 400),
  ('apt_1', 'terrace', 'ceramic_flooring', 350),
  ('apt_1', 'reception_and_dinning', 'ceramic_flooring', 650),
  ('apt_1', 'reception_and_dinning', 'painting_walls', 140),
  ('apt_1', 'reception_and_dinning', 'painting_ceiling', 140),
  ('apt_1', 'reception_and_dinning', 'gypsum_board', 400),
  ('apt_1', 'maid_room', 'painting_walls', 140),
  ('apt_1', 'maid_room', 'painting_ceiling', 140),
  ('apt_1', 'maid_room', 'gypsum_board', 400),
  ('apt_1', 'maid_wc', 'ceramic_flooring', 350),
  ('apt_1', 'maid_wc', 'ceramic_walls', 350),
  ('apt_1', 'maid_wc', 'gypsum_board', 400),
  ('apt_1', 'kitchen', 'ceramic_flooring', 350),
  ('apt_1', 'kitchen', 'painting_walls', 140),
  ('apt_1', 'kitchen', 'painting_ceiling', 140),
  ('apt_1', 'kitchen', 'gypsum_board', 400),
  ('apt_1', 'vestibule', 'painting_walls', 140),
  ('apt_1', 'vestibule', 'painting_ceiling', 140),
  ('apt_1', 'vestibule', 'gypsum_board', 400),
  ('apt_1', 'lobby', 'ceramic_flooring', 650),
  ('apt_1', 'lobby', 'painting_walls', 140),
  ('apt_1', 'lobby', 'painting_ceiling', 140),
  ('apt_1', 'lobby', 'gypsum_board', 400),
  ('apt_1', 'mbedroom', 'hdf_flooring', 650),
  ('apt_1', 'mbedroom', 'gypsum_board', 400),
  ('apt_1', 'powder_room', 'painting_walls', 140),
  ('apt_1', 'powder_room', 'painting_ceiling', 140),
  ('apt_1', 'powder_room', 'gypsum_board', 400),
  ('apt_1', 'guest_wc', 'ceramic_flooring', 350),
  ('apt_1', 'guest_wc', 'ceramic_walls', 350),
  ('apt_1', 'guest_wc', 'gypsum_board', 400),
  ('apt_1', 'dressing', 'hdf_flooring', 650),
  ('apt_1', 'dressing', 'painting_walls', 140),
  ('apt_1', 'dressing', 'painting_ceiling', 140),
  ('apt_1', 'dressing', 'gypsum_board', 400),
  ('apt_1', 'master_wc', 'ceramic_flooring', 350),
  ('apt_1', 'master_wc', 'ceramic_walls', 350),
  ('apt_1', 'master_wc', 'gypsum_board', 400),
  ('apt_1', 'bedroom_01', 'hdf_flooring', 650),
  ('apt_1', 'bedroom_01', 'painting_walls', 140),
  ('apt_1', 'bedroom_01', 'painting_ceiling', 140),
  ('apt_1', 'bedroom_01', 'gypsum_board', 400),
  ('apt_1', 'bedroom_02', 'hdf_flooring', 650),
  ('apt_1', 'bedroom_02', 'painting_walls', 140),
  ('apt_1', 'bedroom_02', 'painting_ceiling', 140),
  ('apt_1', 'bedroom_02', 'gypsum_board', 400),
  ('apt_1', 'terrace_2', 'ceramic_flooring', 350),
  ('apt_1', 'shared_wc', 'ceramic_flooring', 350),
  ('apt_1', 'shared_wc', 'ceramic_walls', 350),
  ('apt_1', 'shared_wc', 'gypsum_board', 400),
  ('apt_2', 'terrace', 'ceramic_flooring', 350),
  ('apt_2', 'reception_and_dinning', 'ceramic_flooring', 650),
  ('apt_2', 'reception_and_dinning', 'painting_walls', 140),
  ('apt_2', 'reception_and_dinning', 'painting_ceiling', 140),
  ('apt_2', 'reception_and_dinning', 'gypsum_board', 400),
  ('apt_2', 'maid_room', 'painting_walls', 140),
  ('apt_2', 'maid_room', 'painting_ceiling', 140),
  ('apt_2', 'maid_room', 'gypsum_board', 400),
  ('apt_2', 'maid_wc', 'ceramic_flooring', 350),
  ('apt_2', 'maid_wc', 'ceramic_walls', 350),
  ('apt_2', 'maid_wc', 'gypsum_board', 400),
  ('apt_2', 'kitchen', 'ceramic_flooring', 350),
  ('apt_2', 'kitchen', 'painting_walls', 140),
  ('apt_2', 'kitchen', 'painting_ceiling', 140),
  ('apt_2', 'kitchen', 'gypsum_board', 400),
  ('apt_2', 'vestibule', 'painting_walls', 140),
  ('apt_2', 'vestibule', 'painting_ceiling', 140),
  ('apt_2', 'vestibule', 'gypsum_board', 400),
  ('apt_2', 'lobby', 'ceramic_flooring', 650),
  ('apt_2', 'lobby', 'painting_walls', 140),
  ('apt_2', 'lobby', 'painting_ceiling', 140),
  ('apt_2', 'lobby', 'gypsum_board', 400),
  ('apt_2', 'mbedroom', 'hdf_flooring', 650),
  ('apt_2', 'mbedroom', 'gypsum_board', 400),
  ('apt_2', 'powder_room', 'painting_walls', 140),
  ('apt_2', 'powder_room', 'painting_ceiling', 140),
  ('apt_2', 'powder_room', 'gypsum_board', 400),
  ('apt_2', 'guest_wc', 'ceramic_flooring', 350),
  ('apt_2', 'guest_wc', 'ceramic_walls', 350),
  ('apt_2', 'guest_wc', 'gypsum_board', 400),
  ('apt_2', 'dressing', 'hdf_flooring', 650),
  ('apt_2', 'dressing', 'painting_walls', 140),
  ('apt_2', 'dressing', 'painting_ceiling', 140),
  ('apt_2', 'dressing', 'gypsum_board', 400),
  ('apt_2', 'master_wc', 'ceramic_flooring', 350),
  ('apt_2', 'master_wc', 'ceramic_walls', 350),
  ('apt_2', 'master_wc', 'gypsum_board', 400),
  ('apt_2', 'bedroom_01', 'hdf_flooring', 650),
  ('apt_2', 'bedroom_01', 'painting_walls', 140),
  ('apt_2', 'bedroom_01', 'painting_ceiling', 140),
  ('apt_2', 'bedroom_01', 'gypsum_board', 400),
  ('apt_2', 'bedroom_02', 'hdf_flooring', 650),
  ('apt_2', 'bedroom_02', 'painting_walls', 140),
  ('apt_2', 'bedroom_02', 'painting_ceiling', 140),
  ('apt_2', 'bedroom_02', 'gypsum_board', 400),
  ('apt_2', 'terrace_2', 'ceramic_flooring', 350),
  ('apt_2', 'shared_wc', 'ceramic_flooring', 350),
  ('apt_2', 'shared_wc', 'ceramic_walls', 350),
  ('apt_2', 'shared_wc', 'gypsum_board', 400),
  ('apt_3', 'terrace', 'ceramic_flooring', 350),
  ('apt_3', 'reception_and_dinning', 'ceramic_flooring', 650),
  ('apt_3', 'reception_and_dinning', 'painting_walls', 140),
  ('apt_3', 'reception_and_dinning', 'painting_ceiling', 140),
  ('apt_3', 'reception_and_dinning', 'gypsum_board', 400),
  ('apt_3', 'maid_room', 'painting_walls', 140),
  ('apt_3', 'maid_room', 'painting_ceiling', 140),
  ('apt_3', 'maid_room', 'gypsum_board', 400),
  ('apt_3', 'maid_wc', 'ceramic_flooring', 350),
  ('apt_3', 'maid_wc', 'ceramic_walls', 350),
  ('apt_3', 'maid_wc', 'gypsum_board', 400),
  ('apt_3', 'kitchen', 'ceramic_flooring', 350),
  ('apt_3', 'kitchen', 'painting_walls', 140),
  ('apt_3', 'kitchen', 'painting_ceiling', 140),
  ('apt_3', 'kitchen', 'gypsum_board', 400),
  ('apt_3', 'vestibule', 'painting_walls', 140),
  ('apt_3', 'vestibule', 'painting_ceiling', 140),
  ('apt_3', 'vestibule', 'gypsum_board', 400),
  ('apt_3', 'lobby', 'ceramic_flooring', 650),
  ('apt_3', 'lobby', 'painting_walls', 140),
  ('apt_3', 'lobby', 'painting_ceiling', 140),
  ('apt_3', 'lobby', 'gypsum_board', 400),
  ('apt_3', 'mbedroom', 'hdf_flooring', 650),
  ('apt_3', 'mbedroom', 'gypsum_board', 400),
  ('apt_3', 'powder_room', 'painting_walls', 140),
  ('apt_3', 'powder_room', 'painting_ceiling', 140),
  ('apt_3', 'powder_room', 'gypsum_board', 400),
  ('apt_3', 'guest_wc', 'ceramic_flooring', 350),
  ('apt_3', 'guest_wc', 'ceramic_walls', 350),
  ('apt_3', 'guest_wc', 'gypsum_board', 400),
  ('apt_3', 'dressing', 'hdf_flooring', 650),
  ('apt_3', 'dressing', 'painting_walls', 140),
  ('apt_3', 'dressing', 'painting_ceiling', 140),
  ('apt_3', 'dressing', 'gypsum_board', 400),
  ('apt_3', 'master_wc', 'ceramic_flooring', 350),
  ('apt_3', 'master_wc', 'ceramic_walls', 350),
  ('apt_3', 'master_wc', 'gypsum_board', 400),
  ('apt_3', 'bedroom_01', 'hdf_flooring', 650),
  ('apt_3', 'bedroom_01', 'painting_walls', 140),
  ('apt_3', 'bedroom_01', 'painting_ceiling', 140),
  ('apt_3', 'bedroom_01', 'gypsum_board', 400),
  ('apt_3', 'bedroom_02', 'hdf_flooring', 650),
  ('apt_3', 'bedroom_02', 'painting_walls', 140),
  ('apt_3', 'bedroom_02', 'painting_ceiling', 140),
  ('apt_3', 'bedroom_02', 'gypsum_board', 400),
  ('apt_3', 'terrace_2', 'ceramic_flooring', 350),
  ('apt_3', 'shared_wc', 'ceramic_flooring', 350),
  ('apt_3', 'shared_wc', 'ceramic_walls', 350),
  ('apt_3', 'shared_wc', 'gypsum_board', 400)
) as st(layout_id, space_key, activity_id, rate)
join spaces s on s.layout_id = st.layout_id and s.space_key = st.space_key
on conflict (space_id, activity_id) do update set rate = excluded.rate;

insert into buildings (id, code, name, building_type, cluster_id) values
  ('b10', '10', 'Building 10', 'Type A', 'cluster_1'),
  ('b11', '11', 'Building 11', 'Type A', 'cluster_1'),
  ('b12', '12', 'Building 12', 'Type B', 'cluster_1'),
  ('basement', 'BSMT', 'Basement', 'Basement', 'cluster_1')
on conflict (id) do update set code = excluded.code, name = excluded.name, building_type = excluded.building_type, cluster_id = excluded.cluster_id;

insert into building_units (building_id, layout_id, count) values
  ('b10', 'edge', 14),
  ('b10', 'middle', 14),
  ('b11', 'edge', 14),
  ('b11', 'middle', 14),
  ('b12', 'apt_1', 14),
  ('b12', 'apt_2', 14),
  ('b12', 'apt_3', 14)
on conflict (building_id, layout_id) do update set count = excluded.count;

delete from lump_sums where building_id in (
  'b10',
  'b11',
  'b12',
  'basement'
);

insert into lump_sums (building_id, scope, discipline, item, amount, substantiated, note) values
  ('b10', 'b10', 'architecture', 'Elevation paint', 925650, false, null),
  ('b10', 'b10', 'architecture', 'Public area', 5933635, false, null),
  ('b10', 'b10', 'mep', 'Apartments — electrical', 3700000, false, null),
  ('b10', 'b10', 'mep', 'Apartments — mechanical', 4700000, false, null),
  ('b11', 'b11', 'architecture', 'Elevation paint', 925650, false, null),
  ('b11', 'b11', 'architecture', 'Public area', 5933635, false, null),
  ('b11', 'b11', 'mep', 'Apartments — electrical', 3700000, false, null),
  ('b11', 'b11', 'mep', 'Apartments — mechanical', 4700000, false, null),
  ('b12', 'b12', 'architecture', 'Elevation paint', 1208250, false, null),
  ('b12', 'b12', 'architecture', 'Public area', 6960360, false, null),
  ('b12', 'b12', 'mep', 'Apartments — electrical', 5000000, false, null),
  ('b12', 'b12', 'mep', 'Apartments — mechanical', 5100000, false, null),
  ('basement', 'basement', 'architecture', 'Architecture & structure', 10644102, false, 'Alt in sheet: 15,205,860'),
  ('basement', 'basement', 'mep', 'Electrical', 35000000, false, 'Alt in sheet: 39,544,131'),
  ('basement', 'basement', 'mep', 'Mechanical', 19000000, false, 'Alt in sheet: 22,146,906')
;

commit;
